Name,LinesAdded,LinesDeleted,CommitCount,DeveloperCount
ACLConfigurationParser.java,167,0,1,1
AMReporter.java,128,78,5,4
ASTBuilder.java,85,42,4,2
ASTConverter.java,129,43,5,3
ASTNode.java,8,9,2,1
ATSHook.java,452,191,10,6
AbstractCliConfig.java,439,1,3,1
AbstractMapJoinOperator.java,1,1,1,1
AbstractOperatorDesc.java,23,0,2,2
AcidStats.java,60,60,2,1
AcidUtils.java,29,11,2,2
AddPartitionDesc.java,22,0,1,1
AddPartitionMessage.java,66,0,3,3
AggregateDefinition.java,7,6,1,1
AggregationDesc.java,7,0,1,1
Allocator.java,13,3,1,1
AlterHandler.java,102,14,1,1
AlterIndexMessage.java,63,0,3,2
AlterPartitionMessage.java,65,0,2,2
AlterTableMessage.java,54,0,2,2
AnnotateReduceSinkOutputOperator.java,73,0,1,1
AnnotateRunTimeStatsOptimizer.java,174,0,1,1
AuthorizationTestUtil.java,1,1,1,1
AvroGenericRecordReader.java,6,4,1,1
AvroSerdeUtils.java,3,2,1,1
BaseSemanticAnalyzer.java,46,5,2,1
BaseWork.java,25,0,2,2
BatchToRowInputFormat.java,31,0,1,1
BatchToRowReader.java,623,0,1,1
BeeLine.java,3,2,1,1
BeeLineOpts.java,2,1,2,2
BeelineInPlaceUpdateStream.java,84,0,2,2
BinaryColumnStatistics.java,25,27,2,1
BinarySortableDeserializeRead.java,161,111,3,1
BinarySortableSerDe.java,120,18,1,1
BinarySortableSerializeWrite.java,25,1,1,1
BitFieldReader.java,214,217,2,1
BitFieldWriter.java,69,73,2,1
BloomFilter.java,93,2,3,3
BloomFilterIO.java,43,43,2,1
BooleanColumnStatistics.java,27,29,2,1
BucketingSortingReduceSinkOptimizer.java,5,2,1,1
BuddyAllocator.java,8,4,3,3
BufferChunk.java,85,85,2,1
BytesBytesMultiHashMap.java,8,2,1,1
BytesColumnVector.java,115,18,4,4
CLIService.java,84,35,3,3
CLIServiceTest.java,16,15,3,2
CacheChunk.java,6,1,2,1
CalcitePlanner.java,1079,377,20,8
CalciteSemanticException.java,5,5,2,2
CalciteSubquerySemanticException.java,52,0,1,1
CalciteViewSemanticException.java,52,0,1,1
CastDecimalToBoolean.java,6,1,1,1
CastDecimalToChar.java,2,2,1,1
CastDecimalToDouble.java,1,1,1,1
CastDecimalToLong.java,43,1,1,1
CastDecimalToString.java,12,11,1,1
CastDecimalToTimestamp.java,10,1,1,1
CastDecimalToVarChar.java,2,2,1,1
CastDoubleToDecimal.java,7,3,1,1
ChannelOutputStream.java,67,25,2,1
CheckFastRowHashMap.java,8,10,2,1
CheckResult.java,14,14,1,1
ClearDanglingScratchDir.java,106,75,1,1
ClearFileMetadataRequest.java,16,16,1,1
CliAdapter.java,107,0,1,1
CliConfigs.java,517,6,5,2
CliDriver.java,48,3,2,2
ColAndCol.java,230,488,3,1
ColOrCol.java,235,492,3,1
ColumnPrunerProcFactory.java,12,4,1,1
ColumnStatistics.java,36,36,2,1
ColumnStatisticsImpl.java,1131,1127,4,3
ColumnStatsAutoGatherContext.java,10,7,2,2
ColumnStatsSemanticAnalyzer.java,36,7,3,2
ColumnStatsTask.java,4,0,1,1
ColumnVector.java,15,3,2,2
ColumnVectorProducer.java,13,3,3,2
CombineHiveRecordReader.java,53,2,1,1
Commands.java,57,29,2,2
CommonJoinOperator.java,235,65,3,3
CommonMergeJoinOperator.java,6,2,1,1
CompactionResponse.java,583,0,1,1
CompactionTxnHandler.java,68,9,3,1
CompactorMR.java,17,10,4,2
CompressionCodec.java,69,69,2,1
CompressionKind.java,34,34,3,1
Constants.java,68,3,5,5
ConsumerFileMetadata.java,34,3,2,2
ConsumerStripeMetadata.java,39,4,2,2
ContainerRunnerImpl.java,179,96,15,3
Context.java,194,69,6,5
ContribNegativeCliDriver.java,62,0,1,1
ConvertAstToSearchArg.java,42,21,2,2
ConvertJoinMapJoin.java,213,45,6,4
ConvertTreeReaderFactory.java,2957,2957,5,3
Converters.java,31,26,3,2
CoreBeeLineDriver.java,171,0,1,1
CoreCliDriver.java,214,19,4,1
CoreCompareCliDriver.java,158,0,1,1
CoreDummy.java,57,0,1,1
CoreHBaseCliDriver.java,137,0,1,1
CoreHBaseNegativeCliDriver.java,121,0,1,1
CoreNegativeCliDriver.java,139,0,1,1
CoreParseNegative.java,132,0,1,1
CorePerfCliDriver.java,138,0,1,1
CreateDatabaseMessage.java,28,0,1,1
CreateFunctionEvent.java,39,0,1,1
CreateFunctionMessage.java,76,0,3,2
CreateIndexMessage.java,76,0,3,2
CreateTableDesc.java,28,5,3,3
CreateTableMessage.java,52,1,3,3
CuratorFrameworkSingleton.java,2,1,1,1
DAGSummary.java,215,0,2,2
DDLSemanticAnalyzer.java,4,30,3,2
DDLTask.java,206,40,15,10
DDLWork.java,35,1,2,1
DaemonId.java,12,5,1,1
DagUtils.java,10,9,1,1
DataCache.java,5,2,1,1
DataReader.java,76,76,2,1
DataReaderProperties.java,122,124,2,1
DataWritableWriter.java,2,1,1,1
DateColumnStatistics.java,37,39,2,1
DbLockManager.java,16,19,2,2
DbNotificationListener.java,335,92,7,3
DbTxnManager.java,77,124,6,3
DebugUtils.java,1,0,1,1
DecimalColumnInList.java,12,9,1,1
DecimalColumnStatistics.java,45,46,2,1
DecimalColumnVector.java,24,22,2,2
DecimalUtil.java,165,116,1,1
DefaultHiveMetaHook.java,51,0,1,1
DeserializeRead.java,83,26,2,1
DirectDecompressionCodec.java,28,28,2,1
DisabledTestBeeLineDriver.java,62,0,1,1
DiskRangeInfo.java,2,3,1,1
DiskRangeList.java,22,7,3,2
DoubleColumnStatistics.java,44,46,2,1
DoubleColumnVector.java,7,1,1,1
Driver.java,35,24,9,7
DropDatabaseMessage.java,27,0,1,1
DropFunctionEvent.java,39,0,1,1
DropFunctionMessage.java,68,0,3,2
DropIndexMessage.java,76,0,3,2
DropPartitionMessage.java,47,0,2,2
DropTableMessage.java,40,0,1,1
DruidGroupByQueryRecordReader.java,224,10,4,2
DruidIntervalUtils.java,466,466,2,1
DruidOutputFormat.java,216,12,4,3
DruidQuery.java,1053,1053,2,1
DruidQueryBasedInputFormat.java,470,38,4,2
DruidQueryRecordReader.java,188,24,4,2
DruidQueryType.java,42,42,2,1
DruidRecordWriter.java,296,7,3,2
DruidRecordWriterTest.java,240,1,3,2
DruidRules.java,591,591,2,1
DruidSchema.java,51,51,2,1
DruidSelectQueryRecordReader.java,120,13,5,2
DruidSerDe.java,686,153,9,2
DruidSerDeUtils.java,87,2,2,2
DruidStorageHandler.java,622,20,6,2
DruidStorageHandlerTest.java,237,13,3,1
DruidStorageHandlerUtils.java,498,28,4,2
DruidTable.java,121,121,2,1
DruidTimeseriesQueryRecordReader.java,99,3,3,2
DruidTopNQueryRecordReader.java,114,4,4,2
DruidWritable.java,81,0,1,1
DummyCliDriver.java,62,0,1,1
DummyListener.java,12,0,1,1
DummyRawStoreFailEvent.java,908,5,2,1
DummyTxnManager.java,2,2,2,2
DynamicByteArray.java,303,303,2,1
DynamicIntArray.java,142,142,2,1
DynamicPartitionPruningOptimization.java,354,51,4,3
DynamicValue.java,137,0,1,1
DynamicValueRegistry.java,30,0,1,1
DynamicValueRegistryTez.java,140,3,2,2
DynamicValueVectorExpression.java,314,0,1,1
ElapsedTimeLoggingWrapper.java,43,0,1,1
EmbeddedCLIServiceClient.java,2,2,1,1
EncodedColumnBatch.java,48,22,3,1
EncodedDataConsumer.java,21,4,2,2
EncodedReader.java,3,3,2,2
EncodedReaderImpl.java,161,111,6,3
EncodedTreeReaderFactory.java,1262,252,4,2
Entity.java,5,8,1,1
ErrorMsg.java,26,5,9,5
EventMessage.java,106,0,1,1
EventUtils.java,269,3,3,2
EvictingPriorityBlockingQueue.java,68,17,2,1
EvictionDispatcher.java,13,2,2,1
ExecDriver.java,59,71,2,2
EximUtil.java,203,52,3,1
ExplainConfiguration.java,117,0,1,1
ExplainSQRewriteSemanticAnalyzer.java,1,2,1,1
ExplainSemanticAnalyzer.java,110,27,1,1
ExplainTask.java,18,10,3,1
ExplainWork.java,18,48,1,1
ExportSemanticAnalyzer.java,31,14,2,1
ExprNodeColumnEvaluator.java,3,2,1,1
ExprNodeConstantEvaluator.java,6,1,1,1
ExprNodeConverter.java,41,5,1,1
ExprNodeDescUtils.java,70,0,1,1
ExprNodeDynamicValueDesc.java,76,0,1,1
ExprNodeDynamicValueEvaluator.java,54,0,1,1
ExprNodeEvaluator.java,12,1,1,1
ExprNodeEvaluatorFactory.java,14,4,1,1
ExprNodeEvaluatorHead.java,1,1,1,1
ExprNodeEvaluatorRef.java,1,1,1,1
ExprNodeFieldEvaluator.java,4,3,1,1
ExprNodeGenericFuncEvaluator.java,4,3,1,1
ExprNodeSubQueryDesc.java,105,3,2,1
ExprWalkerProcFactory.java,8,1,1,1
ExpressionWalker.java,97,0,1,1
ExternalCache.java,1,1,1,1
FSCountersSummary.java,110,0,2,2
FastHiveDecimal.java,742,1,2,2
FastHiveDecimalImpl.java,9431,43,2,2
FetchOperator.java,1,1,1,1
FileCache.java,107,0,1,1
FileCacheCleanupThread.java,104,0,1,1
FileDump.java,946,946,2,1
FileFormatException.java,30,30,2,1
FileMetadata.java,60,64,2,1
FileOutputCommitterContainer.java,2,0,1,1
FileSinkDesc.java,0,9,1,1
FileSinkOperator.java,22,21,3,3
FileUtils.java,33,1,2,2
FilterDecimalColumnInList.java,9,9,1,1
FilterOperator.java,1,1,1,1
FilterStructColumnInList.java,1,1,1,1
FireEventRequest.java,16,16,1,1
FirstInFirstOutComparator.java,1,5,1,1
FixedBucketPruningOptimizer.java,1,1,1,1
FuncDecimalToLong.java,14,5,1,1
FunctionInfo.java,12,8,1,1
FunctionRegistry.java,74,29,12,9
GenMapRedUtils.java,3,3,1,1
GenTezUtils.java,162,27,5,5
GenTezWork.java,4,0,1,1
GenVectorCode.java,105,4,3,1
GenericColumnVectorProducer.java,224,16,3,2
GenericUDAFAverage.java,12,3,1,1
GenericUDAFBloomFilter.java,311,10,4,2
GenericUDAFComputeStats.java,27,5,1,1
GenericUDAFEvaluator.java,7,0,1,1
GenericUDAFMax.java,9,2,1,1
GenericUDAFMin.java,10,0,1,1
GenericUDAFPercentileApprox.java,2,0,1,1
GenericUDAFRowNumber.java,43,5,1,1
GenericUDAFSum.java,31,21,2,2
GenericUDF.java,16,0,1,1
GenericUDFAbs.java,2,1,1,1
GenericUDFBRound.java,5,2,1,1
GenericUDFBaseNumeric.java,29,0,1,1
GenericUDFCardinalityViolation.java,64,0,1,1
GenericUDFCeil.java,2,2,1,1
GenericUDFDateDiff.java,5,9,1,1
GenericUDFFloor.java,2,2,1,1
GenericUDFGrouping.java,91,0,1,1
GenericUDFInBloomFilter.java,177,3,2,2
GenericUDFInternalInterval.java,322,0,1,1
GenericUDFMonthsBetween.java,17,6,1,1
GenericUDFOPDivide.java,8,13,1,1
GenericUDFOPEqualNS.java,5,0,1,1
GenericUDFOPMod.java,6,2,1,1
GenericUDFOPMultiply.java,7,3,1,1
GenericUDFOPNegative.java,2,2,1,1
GenericUDFOPNotEqualNS.java,45,0,1,1
GenericUDFOPNumericMinus.java,8,7,2,2
GenericUDFOPNumericPlus.java,8,9,2,2
GenericUDFRound.java,9,7,1,1
GenericUDFSQCountCheck.java,111,9,3,1
GenericUDTFGetSplits.java,320,214,8,3
GenericUDTFReplicateRows.java,88,0,1,1
GetAllFunctionsResponse.java,18,18,1,1
GetColumnsOperation.java,12,2,1,1
GetFileMetadataByExprRequest.java,16,16,1,1
GetFileMetadataByExprResult.java,24,24,1,1
GetFileMetadataRequest.java,16,16,1,1
GetFileMetadataResult.java,22,22,1,1
GroupByOperator.java,55,35,5,4
HCatConstants.java,15,0,2,2
HCatEventMessage.java,7,3,1,1
HCatUtil.java,4,9,1,1
Hadoop23Shims.java,164,41,9,4
HadoopJobExecHelper.java,2,1,1,1
HadoopShims.java,165,144,6,4
HadoopShimsCurrent.java,92,92,2,1
HadoopShims_2_2.java,101,101,2,1
HashTableDummyOperator.java,10,0,1,1
HashTableSinkOperator.java,3,3,1,1
HdfsUtils.java,8,7,1,1
Hive.java,273,123,10,8
HiveAggregate.java,1,2,1,1
HiveAggregateJoinTransposeRule.java,6,3,1,1
HiveAggregateProjectMergeRule.java,16,1,2,2
HiveAlterHandler.java,152,29,1,1
HiveBaseResultSet.java,3,3,1,1
HiveCalciteUtil.java,73,0,1,1
HiveClientCache.java,169,53,2,2
HiveConf.java,308,36,59,22
HiveConnection.java,1,0,1,1
HiveDateGranularity.java,54,54,2,1
HiveDecimal.java,1342,169,2,2
HiveDecimalTestBase.java,1119,0,2,1
HiveDecimalUtils.java,3,2,1,1
HiveDecimalV1.java,386,0,1,1
HiveDecimalVersionV1.java,33,0,1,1
HiveDecimalVersionV2.java,33,0,1,1
HiveDecimalWritable.java,901,60,2,2
HiveDecimalWritableV1.java,191,0,1,1
HiveDecimalWritableVersionV1.java,33,0,1,1
HiveDecimalWritableVersionV2.java,33,0,1,1
HiveDefaultCostModel.java,4,3,1,1
HiveDefaultRelMetadataProvider.java,1,1,1,1
HiveDruidConf.java,33,33,2,1
HiveDruidOutputFormat.java,55,55,2,2
HiveDruidQueryBasedInputFormat.java,387,387,6,2
HiveDruidSplit.java,167,83,3,2
HiveExcept.java,43,0,1,1
HiveExceptRewriteRule.java,375,0,1,1
HiveExpandDistinctAggregatesRule.java,224,11,2,1
HiveExtractDate.java,50,0,1,1
HiveFilter.java,77,1,2,1
HiveFilterProjectTSTransposeRule.java,14,2,1,1
HiveFilterProjectTransposeRule.java,10,11,1,1
HiveFloorDate.java,64,0,1,1
HiveIndexResult.java,2,1,1,1
HiveIndexedInputFormat.java,4,39,1,1
HiveInputFormat.java,87,16,3,1
HiveIntersect.java,43,0,1,1
HiveIntersectMergeRule.java,88,0,1,1
HiveIntersectRewriteRule.java,250,0,1,1
HiveJoin.java,14,25,2,2
HiveMetaHookV2.java,51,51,2,1
HiveMetaStore.java,264,144,7,5
HiveMetaStoreChecker.java,157,60,5,3
HiveMetaStoreClient.java,41,11,5,2
HiveMultiJoin.java,1,1,1,1
HiveOpConverter.java,45,25,3,2
HivePlannerContext.java,25,15,3,2
HivePreFilteringRule.java,2,5,1,1
HiveProject.java,10,0,1,1
HiveProjectOverIntersectRemoveRule.java,67,0,1,1
HiveProjectSortTransposeRule.java,5,0,1,1
HiveReduceExpressionsRule.java,197,852,3,2
HiveReduceExpressionsWithStatsRule.java,2,3,1,1
HiveRelBuilder.java,17,1,1,1
HiveRelDecorrelator.java,3432,311,5,1
HiveRelFactories.java,15,5,2,2
HiveRelFieldTrimmer.java,117,198,2,2
HiveRelMdCollation.java,9,1,1,1
HiveRelMdCost.java,9,1,1,1
HiveRelMdDistinctRowCount.java,2,1,1,1
HiveRelMdDistribution.java,8,2,1,1
HiveRelMdPredicates.java,25,10,1,1
HiveRelMdSelectivity.java,29,16,2,2
HiveRelMdSize.java,32,6,2,2
HiveRelMdUniqueKeys.java,64,8,1,1
HiveRelOptUtil.java,4,4,1,1
HiveRelShuttle.java,40,0,1,1
HiveRelShuttleImpl.java,145,0,1,1
HiveRexUtil.java,0,749,1,1
HiveSchemaTool.java,56,35,1,1
HiveSemiJoinRule.java,134,1,2,2
HiveServer2.java,49,2,5,4
HiveSessionImpl.java,2,1,1,1
HiveSortLimit.java,10,0,1,1
HiveSortLimitPullUpConstantsRule.java,2,5,1,1
HiveSortProjectTransposeRule.java,7,46,2,1
HiveSplitGenerator.java,0,4,1,1
HiveSqlCountAggFunction.java,1,1,1,1
HiveSqlMinMaxAggFunction.java,1,1,1,1
HiveSqlSumAggFunction.java,1,1,1,1
HiveStatement.java,20,5,2,2
HiveStringUtils.java,25,3,3,2
HiveSubQRemoveRelBuilder.java,1687,7,3,1
HiveSubQueryRemoveRule.java,457,18,6,1
HiveTableFunctionScan.java,77,0,1,1
HiveTableScan.java,1,1,1,1
HiveTxnManager.java,7,5,2,2
HiveTypeSystemImpl.java,36,3,1,1
HookContext.java,49,16,3,2
HostAffinitySplitLocationProvider.java,72,34,2,1
HttpServer.java,22,2,2,2
ICLIService.java,1,1,1,1
IExtrapolatePartStatus.java,1,0,1,1
IMetaStoreClient.java,24,6,5,3
ImportSemanticAnalyzer.java,304,228,5,2
InPlaceUpdate.java,220,0,2,2
InPlaceUpdateStream.java,31,0,2,2
InPlaceUpdates.java,89,171,3,2
InStream.java,498,498,2,1
InactiveServiceInstance.java,77,5,2,2
IncrementalObjectSizeEstimator.java,1,1,1,1
IndexResult.java,25,0,1,1
Initiator.java,5,1,1,1
InsertEvent.java,23,6,1,1
InsertEventRequestData.java,190,31,2,1
InsertMessage.java,65,6,3,2
InsertTableDesc.java,41,1,2,1
IntegerColumnStatistics.java,50,52,2,1
IntegerReader.java,82,82,2,1
IntegerWriter.java,47,47,2,1
IntervalDayTimeColumnVector.java,8,0,1,1
JSONAddPartitionMessage.java,178,13,3,3
JSONAlterIndexMessage.java,187,0,3,2
JSONAlterPartitionMessage.java,154,17,2,2
JSONAlterTableMessage.java,123,13,2,2
JSONCreateDatabaseMessage.java,71,0,1,1
JSONCreateFunctionMessage.java,167,0,3,2
JSONCreateIndexMessage.java,169,0,3,2
JSONCreateTableMessage.java,119,1,3,3
JSONDropDatabaseMessage.java,71,0,1,1
JSONDropFunctionMessage.java,170,10,3,2
JSONDropIndexMessage.java,181,8,3,2
JSONDropPartitionMessage.java,120,1,2,2
JSONDropTableMessage.java,86,0,1,1
JSONInsertMessage.java,157,47,4,2
JSONMessageDeserializer.java,244,1,2,1
JSONMessageFactory.java,445,95,10,3
JavaDataModel.java,1,3,1,1
JobProgressUpdate.java,55,0,2,2
JoinCondTypeCheckProcFactory.java,3,113,1,1
JoinDesc.java,34,1,2,1
JoinOperator.java,2,3,2,2
JoinUtil.java,21,4,2,2
JsonFileDump.java,411,412,2,1
JvmPauseMonitor.java,2,1,1,1
LLAPioSummary.java,126,0,2,2
LazyBinaryDeserializeRead.java,80,70,3,1
LazyBinaryHiveDecimal.java,2,4,1,1
LazyBinarySerDe.java,62,12,1,1
LazyBinarySerializeWrite.java,50,6,1,1
LazyHiveDecimal.java,51,21,1,1
LazyHiveDecimalObjectInspector.java,7,2,1,1
LazySimpleDeserializeRead.java,502,403,5,1
LazySimpleSerializeWrite.java,24,2,1,1
LazyUtils.java,12,0,1,1
LimitOperator.java,1,0,1,1
LimitPushdownOptimizer.java,33,34,1,1
LineRrOffsetReader.java,87,1,2,2
LineageInfo.java,3,2,1,1
LineageLogger.java,15,16,1,1
LineageState.java,10,9,1,1
ListSinkOperator.java,1,0,1,1
LiteralDelegate.java,31,0,1,1
LlapBaseInputFormat.java,122,125,11,4
LlapBaseRecordReader.java,39,6,2,2
LlapConstants.java,32,0,2,1
LlapContainerLauncher.java,10,4,1,1
LlapCoordinator.java,168,4,2,1
LlapDaemon.java,122,49,14,4
LlapDaemonConfiguration.java,1,1,1,1
LlapDaemonExecutorInfo.java,9,1,1,1
LlapDaemonExecutorMetrics.java,63,1,1,1
LlapDaemonMXBean.java,6,0,1,1
LlapDaemonProtocolProtos.java,3021,1704,4,2
LlapDataBuffer.java,7,0,1,1
LlapDecider.java,29,14,2,2
LlapFixedRegistryImpl.java,11,9,5,2
LlapIOCounters.java,35,15,1,1
LlapInputFormat.java,170,362,7,4
LlapInputSplit.java,45,11,2,1
LlapIo.java,2,1,1,1
LlapIoImpl.java,77,23,5,2
LlapObjectCache.java,18,0,1,1
LlapOptionsProcessor.java,39,3,3,2
LlapOutputFormat.java,0,3,1,1
LlapOutputFormatService.java,104,62,3,2
LlapProtocolClientImpl.java,25,1,1,1
LlapProtocolClientProxy.java,14,8,1,1
LlapProtocolServerImpl.java,9,10,1,1
LlapProxy.java,7,13,1,1
LlapRecordReader.java,370,16,5,2
LlapRegistryService.java,18,7,3,2
LlapRoutingAppenderPurgePolicy.java,128,0,1,1
LlapRowInputFormat.java,2,2,1,1
LlapRowRecordReader.java,1,0,1,1
LlapServiceDriver.java,470,359,8,6
LlapServlet.java,1,1,1,1
LlapSigner.java,3,1,1,1
LlapSignerImpl.java,73,60,2,1
LlapStatusOptionsProcessor.java,95,30,2,1
LlapStatusServiceDriver.java,320,194,5,2
LlapTaskCommunicator.java,271,130,14,3
LlapTaskReporter.java,65,20,3,3
LlapTaskSchedulerService.java,437,306,10,3
LlapTaskUmbilicalExternalClient.java,58,40,6,3
LlapTaskUmbilicalProtocol.java,1,1,1,1
LlapTaskUmbilicalServer.java,22,0,1,1
LlapTezUtils.java,32,10,2,1
LlapTokenChecker.java,18,2,2,1
LlapTokenClient.java,2,2,1,1
LlapTokenIdentifier.java,2,1,1,1
LlapTokenLocalClient.java,30,59,2,1
LlapTokenLocalClientImpl.java,61,0,1,1
LlapUgiFactoryFactory.java,67,0,1,1
LlapUtil.java,186,11,5,3
LlapWebServices.java,5,3,2,1
LlapWrappableInputFormatInterface.java,3,2,1,1
LlapWrappedAppender.java,222,0,1,1
LlapZookeeperRegistryImpl.java,386,196,11,5
LoadSemanticAnalyzer.java,1,1,1,1
LocalCache.java,1,1,1,1
LocalSparkJobMonitor.java,2,2,1,1
LockComponent.java,105,4,1,1
LockComponentBuilder.java,4,0,1,1
Log4jQueryCompleteMarker.java,69,0,1,1
LogHelpers.java,33,0,1,1
LongColumnVector.java,7,1,1,1
LowLevelCacheImpl.java,94,165,3,2
LowLevelCacheMemoryManager.java,0,7,1,1
LowLevelFifoCachePolicy.java,1,1,1,1
LowLevelLrfuCachePolicy.java,1,7,2,1
MNotificationLog.java,9,0,1,1
MapJoinProcessor.java,1,0,1,1
MapOperator.java,6,1,1,1
MapRecordProcessor.java,51,6,3,3
MapRedTask.java,7,19,1,1
MapReduceCompiler.java,1,1,1,1
MapWork.java,40,23,4,1
MemoryBuffer.java,5,1,1,1
MemoryManager.java,212,214,2,1
MergeFileTask.java,4,0,1,1
MergeJoinWork.java,7,1,1,1
MessageDeserializer.java,183,1,2,1
MessageFactory.java,306,29,6,3
MetaDataExportListener.java,2,2,1,1
MetaStoreDirectSql.java,7,1,1,1
MetaStoreEventListener.java,16,0,1,1
MetricsTestUtils.java,1,1,1,1
MiniHS2.java,8,5,3,2
MiniLlapCluster.java,2,2,2,2
MockHiveInputSplits.java,37,0,1,1
MockIndexResult.java,38,0,1,1
MockInputFile.java,130,0,1,1
MoveTask.java,41,16,5,4
MultiValuedColumnVector.java,4,0,1,1
MyTestPrimitiveClass.java,4,12,1,1
NoReconnect.java,29,0,1,1
NotTezEventHelper.java,71,0,1,1
NotificationEvent.java,110,4,1,1
NullRowsInputFormat.java,5,8,2,2
NullScanTaskDispatcher.java,26,8,2,2
ObjectCache.java,31,0,3,1
ObjectCacheWrapper.java,5,0,1,1
ObjectInspectorUtils.java,2,0,1,1
ObjectStore.java,4,1,2,2
OneNullRowInputFormat.java,1,1,1,1
OpTraits.java,19,1,1,1
OpTraitsRulesProcFactory.java,30,8,1,1
Operation.java,3,15,2,2
Operation2Privilege.java,5,2,1,1
OperationLoggingAPITestBase.java,5,1,1,1
OperationManager.java,5,1,2,2
OperationStatus.java,15,1,2,2
Operator.java,55,3,2,2
OperatorDesc.java,4,0,2,2
OperatorUtils.java,23,0,2,2
Optimizer.java,10,2,4,2
OrcAcidUtils.java,91,88,3,2
OrcColumnVectorProducer.java,21,10,5,3
OrcConf.java,193,193,2,1
OrcEncodedDataConsumer.java,200,138,6,2
OrcEncodedDataReader.java,86,83,6,4
OrcFile.java,591,583,4,1
OrcFileFormatProxy.java,4,4,1,1
OrcFileKeyWrapper.java,2,2,1,1
OrcFileMergeOperator.java,1,1,1,1
OrcFileMetadata.java,20,8,3,2
OrcFileStripeMergeRecordReader.java,2,2,1,1
OrcFileValueWrapper.java,2,2,1,1
OrcIndex.java,43,43,2,1
OrcInputFormat.java,169,91,8,3
OrcMetadataCache.java,1,1,1,1
OrcNewInputFormat.java,1,1,1,1
OrcNewSplit.java,3,3,1,1
OrcOiBatchToRowReader.java,71,0,1,1
OrcOutputFormat.java,2,2,1,1
OrcProto.java,20179,20179,2,1
OrcRawRecordMerger.java,6,17,2,1
OrcRecordUpdater.java,4,4,1,1
OrcSerde.java,1,1,1,1
OrcSplit.java,6,4,2,2
OrcStripeMetadata.java,27,7,3,3
OrcStruct.java,1,1,1,1
OrcTail.java,139,141,3,2
OrcUnion.java,1,1,1,1
OrcUtils.java,706,624,3,2
OutStream.java,289,289,2,1
PTFTopNHash.java,10,3,1,1
ParseContext.java,21,0,1,1
ParseUtils.java,218,6,3,2
PartialScanMapper.java,3,2,1,1
PartitionFiles.java,50,0,1,1
PartitionPruner.java,12,4,1,1
PassThruOffsetReader.java,67,1,2,2
PhysicalFsWriter.java,1058,529,3,2
PhysicalOptimizer.java,6,1,1,1
PhysicalWriter.java,245,123,4,2
PlanModifierForASTConv.java,6,4,2,1
PlanUtils.java,56,30,2,2
Pool.java,6,2,1,1
PositionProvider.java,26,26,2,1
PositionRecorder.java,25,25,2,1
PositionedOutputStream.java,39,39,2,1
PostExecOrcFileDump.java,2,2,1,1
PostExecOrcRowGroupCountPrinter.java,75,0,1,1
PostExecTezSummaryPrinter.java,21,1,1,1
PreInsertTableDesc.java,42,0,1,1
PrimitiveObjectInspectorUtils.java,55,6,2,2
PrintSummary.java,25,0,2,2
PriorityBlockingDeque.java,7,1,2,1
ProgressMonitor.java,69,0,2,2
ProgressMonitorStatusMapper.java,37,0,2,2
ProxyLocalFileSystem.java,14,5,1,1
PutFileMetadataRequest.java,32,32,1,1
QB.java,14,0,1,1
QBExpr.java,1,1,1,1
QBJoinTree.java,1,1,1,1
QBParseInfo.java,26,2,2,2
QBSubQuery.java,223,87,5,2
QTestDruidSerDe.java,119,29,2,2
QTestDruidSerDe2.java,92,0,1,1
QTestDruidStorageHandler.java,34,0,1,1
QTestDruidStorageHandler2.java,34,0,1,1
QTestGenTask.java,0,585,1,1
QTestUtil.java,344,160,11,4
QueryExecutionBreakdownSummary.java,93,0,2,2
QueryFragmentCounters.java,4,0,1,1
QueryIdentifier.java,8,0,1,1
QueryInfo.java,64,12,4,2
QueryTracker.java,102,42,7,2
RandomTypeUtil.java,2,25,1,1
ReadEntity.java,9,2,3,1
ReadPipeline.java,5,4,3,2
Reader.java,442,391,6,2
ReaderImpl.java,770,785,7,2
RecordReader.java,65,65,3,1
RecordReaderImpl.java,1285,1271,7,3
RecordReaderUtils.java,579,579,3,2
RedBlackTree.java,309,311,2,1
ReduceRecordProcessor.java,52,6,4,4
ReduceRecordSource.java,9,3,2,1
ReduceSinkDesc.java,13,0,1,1
ReduceSinkMapJoinProc.java,2,1,1,1
ReduceSinkOperator.java,11,1,3,3
ReduceWork.java,0,31,1,1
RedundantDynamicPruningConditionsRemoval.java,14,10,1,1
Ref.java,32,0,1,1
Registry.java,85,25,3,3
RelOptHiveTable.java,7,0,1,1
ReloadProcessor.java,1,1,1,1
RemoteSparkJobMonitor.java,15,12,1,1
ReplChangeManager.java,406,132,2,1
ReplCopyTask.java,258,6,2,1
ReplCopyWork.java,119,0,1,1
ReplicationSemanticAnalyzer.java,1706,300,15,3
ReplicationSpec.java,70,10,4,2
RetrySemantics.java,56,1,2,2
RetryingHMSHandler.java,11,3,1,1
RetryingMetaStoreClient.java,28,9,4,3
RetryingThriftCLIServiceClient.java,2,2,1,1
RewriteParseContextGenerator.java,1,3,1,1
RexNodeConverter.java,157,21,5,3
RunLengthByteReader.java,174,174,2,1
RunLengthByteWriter.java,106,106,2,1
RunLengthIntegerReader.java,173,173,2,1
RunLengthIntegerReaderV2.java,406,406,2,1
RunLengthIntegerWriter.java,143,143,2,1
RunLengthIntegerWriterV2.java,831,831,2,1
RuntimeValuesInfo.java,62,0,1,1
SQLOperation.java,2,2,1,1
SQLStdHiveAuthorizationValidatorForTest.java,3,0,1,1
Scheduler.java,2,0,1,1
SchedulerFragmentCompletingListener.java,29,0,1,1
SchemaEvolution.java,466,409,3,1
SearchArgumentFactory.java,8,1,1,1
SearchArgumentImpl.java,53,20,2,2
SecretManager.java,34,4,3,1
SelectOperator.java,1,1,1,1
SemanticAnalyzer.java,508,251,31,12
SemanticAnalyzerFactory.java,11,0,2,2
SerDeEncodedDataReader.java,1960,287,4,2
SerDeLowLevelCacheImpl.java,749,15,4,2
SerDeUtils.java,11,0,1,1
SerializationUtilities.java,23,1,3,3
SerializationUtils.java,1311,1311,2,1
SerializeWrite.java,5,0,1,1
ServiceInstance.java,0,7,1,1
ServiceInstanceSet.java,18,13,4,2
ServiceRegistry.java,16,21,2,1
SessionState.java,101,37,7,5
SettableUncompressedStream.java,43,44,2,1
ShimLoader.java,9,1,1,1
ShortestJobFirstComparator.java,12,11,2,2
ShowCompactResponseElement.java,103,4,1,1
ShowCompactionsDesc.java,1,1,1,1
ShowTxnsDesc.java,1,1,1,1
ShuffleHandler.java,1,1,1,1
ShutdownHookManager.java,21,150,1,1
SigningSecretManager.java,1,0,1,1
SimpleFetchOptimizer.java,190,94,2,2
SlotZnode.java,334,0,1,1
SnappyCodec.java,108,108,2,1
SortedDynPartitionOptimizer.java,8,5,3,1
SortedDynPartitionTimeGranularityOptimizer.java,374,2,2,1
SourceStateTracker.java,42,11,2,1
SparkClientImpl.java,3,3,1,1
SparkCompiler.java,7,1,1,1
SparkJobMonitor.java,215,24,2,2
SparkMapJoinOptimizer.java,1,1,1,1
SparkSessionManagerImpl.java,2,1,1,1
SpecialCases.java,2,2,1,1
SplitFilter.java,125,0,1,1
SplitFilterTestCase.java,153,0,1,1
SqlFunctionConverter.java,97,29,6,4
StandardStructObjectInspector.java,10,0,1,1
StatObjectConverter.java,29,0,1,1
Statistics.java,19,3,1,1
StatsNoJobTask.java,4,4,1,1
StatsRecordingThreadPool.java,230,0,2,1
StatsRulesProcFactory.java,128,58,6,3
StatsSetupConst.java,2,0,1,1
StatsTask.java,10,10,2,2
StatsUtils.java,128,55,7,4
StorageBasedAuthorizationProvider.java,7,2,1,1
StreamName.java,97,97,2,1
StreamUtils.java,12,5,2,2
StringColumnStatistics.java,41,43,2,1
StringRedBlackTree.java,207,210,2,1
StripeInformation.java,59,59,2,1
StripeStatistics.java,44,44,2,1
StructColumnInList.java,1,1,1,1
StructColumnVector.java,5,0,1,1
SubQueryDiagnostic.java,1,1,1,1
SubQueryUtils.java,12,3,1,1
SubmitWorkInfo.java,43,11,1,1
SynchronizedMetaStoreClient.java,90,0,1,1
TCLIService_types.cpp,349,3,3,2
TGetOperationStatusReq.java,108,1,1,1
TGetOperationStatusResp.java,215,8,2,2
TJobExecutionStatus.java,48,0,1,1
TOpenSessionReq.java,2,2,1,1
TOpenSessionResp.java,2,2,1,1
TProgressUpdateResp.java,1033,0,1,1
TProtocolVersion.java,4,1,1,1
TableDesc.java,11,7,1,1
TableScanOperator.java,1,0,1,1
TaskCompiler.java,8,0,2,2
TaskExecutorService.java,166,22,4,3
TaskExecutorTestHelpers.java,71,35,9,3
TaskFactory.java,2,0,1,1
TaskRunnerCallable.java,194,163,9,4
TaskSpecBuilder.java,3,10,1,1
TestACLConfigurationParser.java,99,0,1,1
TestAvroSerializer.java,6,2,1,1
TestBeeLineOpts.java,41,0,1,1
TestBeeLineWithArgs.java,140,64,3,3
TestBeelineArgParsing.java,17,0,1,1
TestBinarySortableFast.java,66,27,3,1
TestBitFieldReader.java,145,145,2,1
TestBitPack.java,279,279,2,1
TestBloomFilter.java,714,589,3,2
TestBytesColumnVector.java,90,0,1,1
TestCBOMaxNumToCNF.java,3,2,1,1
TestCBORuleFiredOnlyOnce.java,3,3,3,2
TestCliDriver.java,62,0,1,1
TestColumnStatistics.java,371,371,3,2
TestColumnStatisticsImpl.java,64,64,2,1
TestCompactionTxnHandler.java,1,0,1,1
TestCompactor.java,1,0,1,1
TestCompareCliDriver.java,62,0,1,1
TestContribCliDriver.java,62,0,1,1
TestContribNegativeCliDriver.java,62,0,1,1
TestConvertAstToSearchArg.java,21,18,1,1
TestConverters.java,20,5,2,2
TestDataReaderProperties.java,85,86,2,1
TestDbNotificationListener.java,1112,456,5,3
TestDbTxnManager.java,50,30,4,2
TestDbTxnManager2.java,755,176,6,2
TestDecimalUtil.java,0,1,1,1
TestDerbyConnector.java,126,0,2,1
TestDruidSerDe.java,1104,359,6,2
TestDynamicArray.java,88,90,2,1
TestEncryptedHDFSCliDriver.java,62,0,1,1
TestEvictingPriorityBlockingQueue.java,128,0,1,1
TestFileDump.java,485,486,2,1
TestFirstInFirstOutComparator.java,106,93,4,1
TestFunctionRegistry.java,114,9,4,4
TestGenericUDFInternalInterval.java,144,0,1,1
TestGenericUDFMonthsBetween.java,55,4,1,1
TestGenericUDFOPDivide.java,4,4,1,1
TestGenericUDFOPMultiply.java,6,0,1,1
TestHBaseCliDriver.java,62,0,1,1
TestHBaseMinimrCliDriver.java,62,0,1,1
TestHBaseNegativeCliDriver.java,62,0,1,1
TestHCatClientNotification.java,91,59,3,2
TestHS2ClearDanglingScratchDir.java,82,0,1,1
TestHS2HttpServer.java,35,12,2,2
TestHadoopAuthBridge23.java,29,27,1,1
TestHadoopFileStatus.java,92,0,1,1
TestHiveAuthorizerCheckInvocation.java,2,2,1,1
TestHiveClientCache.java,8,6,1,1
TestHiveDecimal.java,3404,216,2,1
TestHiveDecimalOrcSerializationUtils.java,381,3,2,2
TestHiveDecimalVersion.java,67,0,1,1
TestHiveDecimalWritable.java,52,250,2,1
TestHiveDecimalWritableVersion.java,71,0,1,1
TestHiveDruidQueryBasedInputFormat.java,356,61,4,2
TestHiveInputSplitComparator.java,64,0,1,1
TestHiveMetaStore.java,15,10,1,1
TestHiveMetaStoreChecker.java,65,65,2,2
TestHiveMetaStoreStatsMerge.java,1,1,1,1
TestHiveMetaStoreWithEnvironmentContext.java,1,1,1,1
TestHostAffinitySplitLocationProvider.java,201,38,3,1
TestIUD.java,7,3,3,2
TestInStream.java,314,314,2,1
TestIncrementalObjectSizeEstimator.java,4,4,1,1
TestInputOutputFormat.java,216,21,3,2
TestIntegerCompressionReader.java,130,130,2,1
TestJdbcDriver2.java,192,44,5,5
TestJdbcWithLocalClusterSpark.java,0,312,1,1
TestJdbcWithMiniHS2.java,104,2,3,3
TestJdbcWithMiniKdcCookie.java,0,1,1,1
TestJdbcWithMiniLlap.java,78,37,2,1
TestJsonFileDump.java,150,150,2,1
TestLazyBinaryFast.java,17,23,2,1
TestLazySimpleFast.java,18,21,2,1
TestLlapDaemonProtocolServerImpl.java,4,5,3,2
TestLlapInputSplit.java,6,20,2,1
TestLlapOutputFormat.java,42,23,3,2
TestLlapSignerImpl.java,32,15,3,2
TestLlapTaskCommunicator.java,17,0,2,2
TestLlapTaskSchedulerService.java,242,15,3,1
TestLlapWebServices.java,69,0,1,1
TestLowLevelCacheImpl.java,34,0,1,1
TestMacroSemanticAnalyzer.java,1,3,1,1
TestMemoryManager.java,132,133,2,1
TestMergeStatement.java,264,0,2,2
TestMetaStoreEventListener.java,2,3,1,1
TestMetaStoreMetrics.java,35,11,2,2
TestMetastoreAuthorizationProvider.java,20,1,1,1
TestMiniLlapCliDriver.java,62,0,1,1
TestMiniSparkOnYarnCliDriver.java,64,2,3,2
TestMiniTezCliDriver.java,62,0,1,1
TestMinimrCliDriver.java,62,0,1,1
TestMultiSessionsHS2WithLocalClusterSpark.java,0,250,1,1
TestNegativeCliDriver.java,62,0,1,1
TestNegativeMinimrCliDriver.java,62,0,1,1
TestNewIntegerEncoding.java,1373,1373,2,1
TestObjectStore.java,3,0,1,1
TestOperationLoggingAPIWithMr.java,1,1,1,1
TestOperationLoggingAPIWithTez.java,2,5,3,3
TestOperationLoggingLayout.java,1,1,1,1
TestOrcFile.java,17,14,2,2
TestOrcNullOptimization.java,415,415,2,1
TestOrcRawRecordMerger.java,5,5,1,1
TestOrcRecordUpdater.java,2,2,1,1
TestOrcSerDeStats.java,7,7,1,1
TestOrcTimezone1.java,189,189,2,1
TestOrcTimezone2.java,143,143,2,1
TestOrcTimezone3.java,124,126,2,1
TestOrcWideTable.java,70,70,3,2
TestOutStream.java,43,43,2,1
TestParseDriverIntervals.java,83,0,1,1
TestParseNegativeDriver.java,62,0,1,1
TestPartitionNameWhitelistValidation.java,15,38,1,1
TestPerfCliDriver.java,62,0,1,1
TestPrimitiveObjectInspectorUtils.java,6,0,1,1
TestQBSubQuery.java,2,2,2,2
TestQueryDisplay.java,2,2,1,1
TestRLEv2.java,307,307,2,1
TestReaderImpl.java,152,152,2,1
TestRecordReaderImpl.java,1742,1725,4,3
TestReplChangeManager.java,384,56,2,1
TestReplicationScenarios.java,1212,203,12,3
TestReplicationSemanticAnalyzer.java,263,4,2,2
TestRetriesInRetryingHMSHandler.java,109,0,1,1
TestRetryingThriftCLIServiceClient.java,1,1,1,1
TestRunLengthByteReader.java,143,143,2,1
TestRunLengthIntegerReader.java,125,125,2,1
TestSQLStdHiveAccessControllerHS2.java,1,0,1,1
TestSSL.java,1,0,1,1
TestSchemaEvolution.java,491,480,3,1
TestSearchArgumentImpl.java,1,1,1,1
TestSerializationUtils.java,199,201,2,1
TestSessionState.java,4,4,1,1
TestShortestJobFirstComparator.java,178,125,4,2
TestShutdownHookManager.java,0,35,1,1
TestSlotZnode.java,285,11,2,1
TestSparkCliDriver.java,64,2,3,2
TestSparkClient.java,45,2,1,1
TestSparkNegativeCliDriver.java,65,2,3,2
TestSplitFilter.java,296,0,1,1
TestStorageBasedMetastoreAuthorizationProvider.java,6,0,1,1
TestStorageBasedMetastoreAuthorizationProviderWithACL.java,6,0,1,1
TestStreamName.java,49,49,2,1
TestStreaming.java,4,4,1,1
TestStringDictionary.java,291,290,2,1
TestStringRedBlackTree.java,232,234,2,1
TestStructColumnVector.java,36,0,1,1
TestTaskExecutorService.java,71,18,2,2
TestTezProgressMonitor.java,120,1,2,2
TestTezTask.java,6,0,1,1
TestTimestampWritable.java,26,15,2,2
TestTxnCommands.java,298,8,7,1
TestTxnCommands2.java,420,110,4,1
TestTxnHandler.java,91,15,3,1
TestTxnHandlerNegative.java,8,3,1,1
TestTxnHandlerNoConnectionPool.java,99,0,1,1
TestTypeDescription.java,90,91,2,1
TestUDFDateFormatGranularity.java,97,10,2,1
TestUnrolledBitPack.java,114,114,2,1
TestUpdateDeleteSemanticAnalyzer.java,6,4,3,3
TestUtilities.java,9,6,1,1
TestVectorFilterExpressions.java,12,0,1,1
TestVectorGenericDateExpressions.java,1,1,1,1
TestVectorGroupByOperator.java,27,16,2,1
TestVectorLogicalExpressions.java,2,2,1,1
TestVectorMapJoinFastBytesHashMap.java,46,10,1,1
TestVectorMapJoinFastBytesHashMultiSet.java,7,7,1,1
TestVectorMapJoinFastBytesHashSet.java,7,7,1,1
TestVectorMapJoinFastLongHashMap.java,42,8,1,1
TestVectorMapJoinFastLongHashMultiSet.java,7,7,1,1
TestVectorMapJoinFastLongHashSet.java,7,7,1,1
TestVectorMapJoinFastRowHashMap.java,24,24,1,1
TestVectorOrcFile.java,2796,2789,3,1
TestVectorSerDeRow.java,213,55,2,1
TestVectorStringExpressions.java,4,1,1,1
TestVectorTypeCasts.java,16,12,1,1
TestVectorizationContext.java,41,0,2,2
TestVectorizer.java,56,19,3,3
TestViewEntity.java,31,0,1,1
TestWarehousePartitionHelper.java,2,2,1,1
TestZlib.java,56,56,2,1
TezCompiler.java,436,146,4,3
TezJobExecHelper.java,26,8,2,2
TezJobMonitor.java,476,1035,7,4
TezProgressMonitor.java,331,0,2,2
TezProgressMonitorStatusMapper.java,50,0,2,2
TezSessionPoolManager.java,113,32,4,2
TezSessionState.java,46,39,4,3
TezTask.java,55,13,4,3
ThriftCLIService.java,23,6,2,2
ThriftCLIServiceClient.java,3,2,2,2
ThriftCLIServiceTest.java,4,4,1,1
ThriftCliServiceTestWithCookie.java,1,2,2,2
ThriftHiveMetastore.cpp,2403,2020,2,2
ThriftHiveMetastore.java,2141,1283,2,2
ThriftHiveMetastore_server.skeleton.cpp,5,0,1,1
ThriftHttpServlet.java,2,2,1,1
TimestampColumnStatistics.java,38,38,2,1
TimestampColumnVector.java,9,1,2,2
TimestampUtils.java,96,25,3,2
TimestampWritable.java,6,17,2,2
TopNHash.java,23,10,1,1
TreeReaderFactory.java,2263,2196,8,3
TxnHandler.java,419,86,11,4
TxnInfo.java,202,4,1,1
TxnStore.java,49,5,4,1
TypeCheckCtx.java,48,1,1,1
TypeCheckProcFactory.java,98,17,4,2
TypeConverter.java,51,16,2,2
TypeDescription.java,1081,871,3,1
TypeInfoUtils.java,3,0,1,1
UDFDateFloor.java,512,2,2,1
UDFDateFloorDay.java,39,0,1,1
UDFDateFloorHour.java,39,0,1,1
UDFDateFloorMinute.java,39,0,1,1
UDFDateFloorMonth.java,39,0,1,1
UDFDateFloorQuarter.java,39,0,1,1
UDFDateFloorSecond.java,39,0,1,1
UDFDateFloorWeek.java,39,0,1,1
UDFDateFloorYear.java,39,0,1,1
UDFDayOfWeek.java,105,0,1,1
UDFLog.java,2,2,1,1
UDFMath.java,1,1,1,1
UDFSign.java,3,3,1,1
UDFToBoolean.java,2,2,1,1
UDFToByte.java,2,2,1,1
UDFToDouble.java,2,2,1,1
UDFToFloat.java,2,2,1,1
UDFToInteger.java,2,2,1,1
UDFToLong.java,2,2,1,1
UDFToShort.java,2,2,1,1
UDTFOperator.java,1,0,1,1
UgiFactory.java,22,0,1,1
UnionColumnVector.java,5,0,1,1
UpdateDeleteSemanticAnalyzer.java,1078,278,11,3
Utilities.java,159,58,13,9
Utils.java,25,9,4,2
VectorAssignRow.java,12,12,1,1
VectorDeserializeRow.java,321,137,4,1
VectorExpression.java,12,1,1,1
VectorExpressionDescriptor.java,2,1,1,1
VectorExtractRow.java,6,4,3,2
VectorFilterOperator.java,2,0,1,1
VectorGroupByDesc.java,65,15,1,1
VectorGroupByOperator.java,32,27,2,1
VectorHashKeyWrapper.java,2,1,1,1
VectorHashKeyWrapperBatch.java,1,1,1,1
VectorInBloomFilterColDynamicValue.java,285,0,1,1
VectorMapJoinBaseOperator.java,2,1,1,1
VectorMapJoinCommonOperator.java,9,5,2,1
VectorMapJoinFastBytesHashMap.java,2,2,1,1
VectorMapJoinFastBytesHashMultiSet.java,2,2,1,1
VectorMapJoinFastBytesHashSet.java,2,2,1,1
VectorMapJoinFastBytesHashTable.java,10,3,2,2
VectorMapJoinFastHashMap.java,2,2,1,1
VectorMapJoinFastHashMultiSet.java,2,2,1,1
VectorMapJoinFastHashSet.java,2,2,1,1
VectorMapJoinFastHashTable.java,19,1,1,1
VectorMapJoinFastLongHashMap.java,2,2,1,1
VectorMapJoinFastLongHashMultiSet.java,2,2,1,1
VectorMapJoinFastLongHashSet.java,2,2,1,1
VectorMapJoinFastLongHashTable.java,11,4,3,1
VectorMapJoinFastMultiKeyHashMap.java,2,2,1,1
VectorMapJoinFastMultiKeyHashMultiSet.java,2,2,1,1
VectorMapJoinFastMultiKeyHashSet.java,2,2,1,1
VectorMapJoinFastStringCommon.java,4,2,2,1
VectorMapJoinFastStringHashMap.java,2,2,1,1
VectorMapJoinFastStringHashMultiSet.java,2,2,1,1
VectorMapJoinFastStringHashSet.java,2,2,1,1
VectorMapJoinFastTableContainer.java,14,13,1,1
VectorMapJoinGenerateResultOperator.java,9,3,2,1
VectorMapJoinOperator.java,1,1,1,1
VectorMapJoinOptimizedHashMap.java,3,2,1,1
VectorMapJoinOptimizedLongCommon.java,0,58,2,1
VectorMapJoinOptimizedStringCommon.java,0,26,1,1
VectorMapJoinOuterFilteredOperator.java,3,1,1,1
VectorMapOperator.java,84,56,4,2
VectorPartitionDesc.java,5,1,1,1
VectorRandomRowSource.java,119,40,1,1
VectorSMBMapJoinOperator.java,3,2,2,2
VectorSelectOperator.java,1,0,1,1
VectorSerializeRow.java,5,2,1,1
VectorUDAFAvgDecimal.java,29,66,1,1
VectorUDAFBloomFilter.java,474,0,1,1
VectorUDAFBloomFilterMerge.java,365,0,1,1
VectorUDAFSumDecimal.java,37,111,1,1
VectorUDFAdaptor.java,9,1,1,1
VectorUDFDateAddScalarCol.java,2,0,1,1
VectorUDFDateDiffColScalar.java,2,0,1,1
VectorUDFDateDiffScalarCol.java,2,0,1,1
VectorUDFDayOfWeekDate.java,39,0,1,1
VectorUDFDayOfWeekString.java,61,0,1,1
VectorUDFDayOfWeekTimestamp.java,39,0,1,1
VectorizationContext.java,712,386,12,3
VectorizedLogicBench.java,6,6,1,1
VectorizedOrcInputFormat.java,7,9,3,2
VectorizedRowBatch.java,5,1,1,1
VectorizedRowBatchCtx.java,50,94,1,1
VectorizedRowGroupGenUtil.java,3,3,1,1
Vectorizer.java,323,140,10,4
VerifyFast.java,2,2,2,1
VerifyFastRow.java,1,1,1,1
VersionTestBase.java,322,0,1,1
VertorDeserializeOrcWriter.java,504,45,2,1
Warehouse.java,5,3,3,2
WindowFunctionInfo.java,2,2,1,1
Worker.java,2,2,1,1
WritableConstantHiveDecimalObjectInspector.java,8,9,1,1
WriteEntity.java,15,1,2,1
Writer.java,111,115,3,1
WriterImpl.java,2576,3027,10,3
ZeroCopyShims.java,89,89,2,1
ZeroRowsInputFormat.java,54,0,1,1
ZlibCodec.java,168,169,2,1
hive_metastore_types.cpp,1063,776,5,4
